{"Dev/recall":0.56,"Dev/F1":0.5633802816901409,"_timestamp":1.7298730039324107e+09,"_runtime":148.045285689,"_wandb":{"runtime":153},"_step":10,"Train/Loss":0.44308798526650045,"Dev/precision":0.5668016194331984}