{"_runtime":143.678179711,"_step":10,"Train/Loss":0.4219204554362084,"Dev/precision":0.5800865800865801,"Dev/recall":0.536,"_wandb":{"runtime":148},"Dev/F1":0.5571725571725572,"_timestamp":1.7298262779293604e+09}