{"_wandb":{"runtime":226},"_step":1,"Train/Loss":0.658886263619608,"Dev/precision":0.5649122807017544,"Dev/recall":0.644,"Dev/F1":0.6018691588785047,"_timestamp":1.7298726914024808e+09,"_runtime":190.146358138}