{"Dev/F1":0.553014553014553,"_timestamp":1.7298257680516393e+09,"_runtime":141.594386286,"_step":9,"_wandb":{"runtime":146},"Train/Loss":0.4264662368084068,"Dev/precision":0.5757575757575758,"Dev/recall":0.532}